{
  "basics": {
    "name": "poojitha",
    "label": "student",
    "picture": "images/6.JPG",
    "email": "chvlspoojitha@gmail.com",
    "phone": "8801365536",
    "degree": "Btech",
    "website": "",
    "summary": "",
    "highlights": null,
    "location": {
      "address": "US pet,Nellore",
      "postalCode": "524002",
      "city": "Nellore",
      "countryCode": "91",
      "region": "South India"
    },
    "profiles": [
      {
        "network": "",
        "username": "",
        "url": ""
      }
    ]
  },
  "work": [
    {
      "company": "",
      "position": "",
      "website": "",
      "startDate": "",
      "endDate": "",
      "summary": "",
      "highlights": [
        ""
      ]
    }
  ],
  "additionalWork": [
    {
      "company": "",
      "position": "",
      "website": "",
      "startDate": "",
      "endDate": "",
      "summary": "",
      "highlights": [
        ""
      ]
    }
  ],
  "workLabel": "",
  "additionalWorkLabel": "",
  "education": [
    {
      "institution": "Narayana",
      "area": "Nellore",
      "studyType": "",
      "startDate": "",
      "endDate": "",
      "gpa": "",
      "courses": [
        ""
      ]
    }
  ],
  "publications": [
    {
      "name": "",
      "publisher": "",
      "releaseDate": "",
      "website": "",
      "summary": "",
      "isbn": ""
    }
  ],
  "additionalPublications": [
    {
      "name": "",
      "publisher": "",
      "releaseDate": "",
      "website": "",
      "summary": "",
      "isbn": ""
    }
  ],
  "publicationsLabel": "",
  "additionalPublicationsLabel": "",
  "skills": [
    {
      "name": "",
      "level": "",
      "keywords": [
        ""
      ]
    }
  ]
}
